,Unnamed: 0,airspeed,battery_hours_val,length,diameter,S_solar,score
153,215,8,30,21.304920052492367,4.177902916502329,56.84313606055063,-0.0
158,188,7,45,22.086059037402816,4.345047205258416,45.82296651714594,-0.0
161,162,6,65,22.456941139399124,4.4828031732030365,36.06900875161611,-0.0
162,216,8,35,22.768507581444393,4.390723623597095,61.14267271150853,-0.0
165,244,9,25,23.121241711137788,4.266677000665913,77.48021233379944,-0.0
166,243,9,20,23.125669070791748,3.818053481157322,69.34676362450296,-0.0
168,189,7,50,23.13962535325954,4.497144451507519,47.97918913234398,-0.0
169,163,6,70,23.20344484182425,4.588530006209864,37.056262962484304,-0.0
175,164,6,75,23.93543594996105,4.693362305294643,38.05381774567704,-0.0
176,190,7,55,24.17256052859285,4.648574070452332,50.18577253975748,-0.0
177,217,8,40,24.20350854453784,4.604001934428031,65.62402147704354,-0.0
179,245,9,30,24.474052351348735,4.613249307785615,86.21321382220933,-0.0
181,165,6,80,24.65444620450505,4.797350275545091,39.06169480552753,-0.0
183,191,7,60,25.18800514609893,4.799339839809987,52.442236205856254,-0.0
185,166,6,85,25.361779777831373,4.900543202182598,40.07994047146146,-0.0
186,218,8,45,25.61624589295921,4.817454279781357,70.28354437515766,-0.0
187,144,5,125,25.830714944275492,5.094957507766129,31.066475451069007,-0.0
188,167,6,90,26.058556858885375,5.0029884502297115,41.10861499712139,-0.0
189,192,7,65,26.18844699646069,4.9494623260711705,54.748263431224096,-0.0
190,145,5,130,26.303318781920648,5.162726062082664,31.483608494268957,-0.0
191,246,9,35,26.39255338335678,4.907540262075111,95.27522986650516,-0.0
193,168,6,95,26.74574707264253,5.104730939321474,42.147785683605235,-0.0
194,146,5,135,26.769771691394528,5.229937691309443,31.901912142137576,-0.0
195,219,8,50,27.011167112409357,5.030908981416164,75.11848199579137,-0.0
196,193,7,70,27.17588903295632,5.098970357092314,57.103629397511035,-0.0
197,147,5,140,27.230436855500255,5.2966186199941205,32.32142888309458,-0.0
198,169,6,100,27.42419549985199,5.2058129078189666,43.197522442572414,-0.0
199,148,5,145,27.6856464798167,5.362793414252618,32.74219958277701,-0.0
200,170,6,105,28.0946432116307,5.306273852388869,44.25789494099197,-0.0
201,149,5,150,28.135705274683144,5.4284851033865476,33.16426342108124,-0.0
202,194,7,75,28.151966079773626,5.247896172751619,59.508159290194904,-0.0
203,247,9,40,28.293030527571116,5.203183403843688,104.85060159344744,-0.0
204,220,8,55,28.39149472903189,5.244257042423662,80.12652453855924,-0.0
205,171,6,110,28.757743672215515,5.406150572435874,45.32897078437148,-0.0
206,195,7,80,29.118028179247425,5.396272670103393,61.961703494327026,-0.0
207,172,6,115,29.41407580752515,5.505477284656655,46.41081435210624,-0.0
208,221,8,60,29.75962078047442,5.457426063760531,85.30560028460431,-0.0
209,173,6,120,30.064155688925418,5.604285713892416,47.50348631043926,-0.0
210,196,7,85,30.07520152140284,5.544131866426177,64.4641227897209,-0.0
211,248,9,45,30.179469224526205,5.499645620676499,114.92749141661216,-0.0
212,174,6,125,30.708443652975387,5.702605341112652,48.6070428876046,-0.0
213,197,7,90,31.024433895415687,5.691504080198043,67.01527955204128,-0.0
214,222,8,65,31.117355146034072,5.670365944159935,90.65376722421033,-0.0
215,175,6,130,31.347353438016498,5.800463467273711,49.72153608201874,-0.0
216,198,7,95,31.96652918881292,5.838417538220479,69.61503262528656,-0.0
217,176,6,135,31.981257459039377,5.897885416862998,50.84701346175652,-0.0
218,249,9,50,32.05437558141991,5.796544290135628,125.49497306827496,-0.0
219,223,8,70,32.46609145894349,5.8830405686298874,96.1691582605573,-0.0
220,177,6,140,32.61049216552117,5.994894678902597,51.98351827230023,-0.0
221,199,7,100,32.90217398851806,5.984898234830406,72.26323447819378,-0.0
222,178,6,145,33.235362427811516,6.091513049326939,53.131089565710475,-0.0
223,224,8,75,33.806918183310195,6.0954229999512854,101.84995289183038,-0.0
224,200,7,105,33.831958366085104,6.130969938457501,74.95972978365808,-0.0
225,179,6,150,33.85614527206015,6.18776076421681,54.28976236538887,-0.0
226,250,9,55,33.91937320732405,6.093595032555529,136.542749270815,-0.0
227,201,7,110,34.75639231827997,6.276654281492186,77.70435489031298,-0.0
228,225,8,80,35.14069670198333,6.307492532880051,107.69436378874914,-0.0
229,202,7,115,35.67591891173799,6.421970894330955,80.49693784794994,-0.0
230,251,9,60,35.77554302718205,6.390581626218533,148.06103652246952,-0.0
231,226,8,85,36.46811685752211,6.519232868856574,113.70063108192603,-0.0
232,203,7,120,36.590924894362296,6.566937559666784,83.33729876973126,-0.0
233,204,7,125,37.501749336957594,6.711570372526544,86.22525039140965,-0.0
234,252,9,65,37.623625340804,6.68733723001465,160.04051476261932,-0.0
235,227,8,90,37.78973726517694,6.73063095164666,119.8670207327956,-0.0
236,205,7,130,38.408690726241154,6.855883897785159,89.16059873534078,-0.0
237,228,8,95,39.10601503628147,6.941676203754944,126.19182495021172,-0.0
238,206,7,135,39.31201282713041,6.99989131932652,92.14314382319756,-0.0
239,253,9,70,39.464143090199414,6.983731978159739,172.4723020442182,-0.0
240,207,7,140,40.21194956316633,7.143604579939657,95.17268039480744,-0.0
241,229,8,100,40.41732799585824,7.15236000994735,132.6733635223096,-0.0
242,275,10,30,40.80842619076397,4.541153807334914,145.547899909998,-0.0
243,276,10,35,40.97497234927575,5.023523806885544,161.66537710100295,-0.0
244,274,10,25,41.07501640068427,4.061359501968715,131.0204434889771,-0.0
245,208,7,145,41.10870909967819,7.287034509229887,98.24899861361496,-0.0
246,254,9,75,41.29747876337394,7.279664361882117,185.3479373393764,-0.0
247,277,10,40,41.46256775255264,5.508557201997989,179.38409895662707,-0.0
248,230,8,105,41.723991487523335,7.36267535628695,139.30998543982642,-0.0
249,273,10,20,41.936566404984035,3.5838702912890263,118.04158658137216,-0.0
250,209,7,150,42.002477281129735,7.430190940244605,101.37188474092062,-0.0
251,278,10,45,42.19141534301265,5.996190004606828,198.69611066238585,-0.0
252,231,8,110,43.026271211372986,7.5726165673076276,146.1000704662518,-0.0
253,279,10,50,43.10360112926192,6.486257401693897,219.58244641050297,-0.0
254,255,9,80,43.12392317136374,7.575054999758304,198.65936485374644,-0.0
255,272,10,15,43.63656899670506,3.108265706151297,106.52673556751756,-0.0
256,280,10,55,44.15646781272557,6.978540611839913,242.01864311981024,-0.0
257,232,8,115,44.32439316683073,7.782179115219353,153.04203057004608,-0.0
258,256,9,85,44.94370689068221,7.869842019020988,212.39891797180323,-0.0
259,281,10,60,45.31820762127684,7.47280130373496,265.97820159306195,-0.0
260,233,8,120,45.61855129342992,7.991359454353475,160.13431089812275,-0.0
261,282,10,65,46.56484170186725,7.968803720482983,291.4346165647495,-0.0
263,257,9,90,46.75702040546667,8.163977487218757,226.5593012439159,-0.0
264,234,8,125,46.90891358056686,8.200154909561508,167.37539068895245,-0.0
265,235,8,130,48.19562680122054,8.408563567399861,174.76378371810804,-0.0
266,283,10,70,48.384139531932675,8.421355286540543,318.1223944715345,-0.0
267,258,9,95,48.56402757423646,8.457424705658243,241.1335725504496,-0.0
268,236,8,135,49.47882030449067,8.616584189922852,182.29803855206893,-0.0
269,259,9,100,50.36487423196447,8.750156035752644,256.11512396909853,-0.0
270,237,8,140,50.7586090396653,8.824216138999642,189.97673856017877,-0.0
271,284,10,75,50.82528652411875,8.818811620391791,345.65528106033986,-0.0
273,238,8,145,52.0350959925982,9.0314593111904,197.7985017494098,-0.0
274,260,9,105,52.15969391530136,9.042151188435485,271.49766292127117,-0.0
275,285,10,80,53.25577705184135,9.21489680891048,374.18408474448233,-0.0
276,239,8,150,53.30837412515134,9.238314075085064,205.76198036389744,-0.0
277,261,9,110,53.948611599688746,9.333395850128818,287.27519357533316,-0.0
278,286,10,85,55.67574893805575,9.60956403199011,403.68756659225573,-0.0
279,262,9,115,55.73174613512748,9.623880573784398,303.4419988273484,-0.0
280,263,9,120,57.50921182043558,9.913599878902366,319.99262304294007,-0.0
281,287,10,90,58.08536852855535,10.002786649007264,434.1459833487769,-0.0
282,264,9,125,59.2811194077308,10.202551517812266,336.92185567536563,-0.0
283,288,10,95,60.484824235235536,10.394553018742847,465.54093270110513,-0.0
284,265,9,130,61.0475767312486,10.490735875169024,354.2247158200542,-0.0
285,266,9,135,62.80868909016034,10.778155474834922,371.896437725814,-0.0
286,289,10,100,62.87432003718833,10.7848626863487,497.8552168346037,-0.0
287,267,9,140,64.5645594721595,11.064814573782638,389.9324572546443,-0.0
288,290,10,105,65.25407029332784,11.17372350724243,531.0727223894538,-0.0
289,268,9,145,66.31528870266295,11.350718831458186,408.3283993981452,-0.0
290,291,10,110,67.62429556737331,11.56114947109982,565.1783148224098,-0.0
291,269,9,150,68.06097543750926,11.635875020853325,427.0800662107799,-0.0
292,292,10,115,69.98521932794158,11.947159048235186,600.157745390902,-0.0
293,293,10,120,72.33706539248146,12.331773930557286,635.997569237735,-0.0
294,294,10,125,74.68005597162423,12.715018069951586,672.6850730842293,-0.0
295,295,10,130,77.01441019504857,13.09691694224026,710.208211250286,-0.0
296,296,10,135,79.34034302531242,13.4774969843734,748.5555489402947,-0.0
297,297,10,140,81.65806447581092,13.856785164110228,787.7162118231445,-0.0
298,298,10,145,83.96777906779653,14.234808651837175,827.6798410913057,-0.0
299,299,10,150,86.26968547374435,14.611594571312605,868.4365532941599,-0.0
300,326,11,135,93.28918078170447,9.063795091974177,686.4120005329542,-0.0
301,374,13,75,98.63450270097697,4.468280107102488,589.2386249809986,-0.0
303,302,11,15,100.00000099955908,5.597139763112721,440.88752297844275,-0.0
304,303,11,20,100.00000099955966,5.6293145238658715,443.481888080092,-0.0
305,304,11,25,100.000000999561,5.685369993021103,447.9876133673336,-0.0
306,305,11,30,100.00000099956354,5.786867727298777,456.1281094657525,-0.0
307,306,11,35,100.00000099956809,5.964826619822087,470.3940090557939,-0.0
308,307,11,40,100.00000099957548,6.238506974127059,492.3754426993717,-0.0
309,308,11,45,100.0000009995858,6.595591939104502,521.1845245406629,-0.0
310,309,11,50,100.00000099959856,7.009712480688464,554.8168333950986,-0.0
311,310,11,55,100.00000099961328,7.460494841098636,591.7283908961658,-0.0
312,311,11,60,100.00000099962956,7.936029496914021,631.0358759488533,-0.0
313,312,11,65,100.00000099964709,8.42981157019233,672.2805453001844,-0.0
314,330,12,5,100.00000099965504,5.0890910784102195,509.9253963647883,-0.0
315,331,12,10,100.0000009996557,5.121791980677597,513.2792451413393,-0.0
316,332,12,15,100.00000099965706,5.188482210412971,520.0897812650579,-0.0
317,333,12,20,100.00000099966005,5.3304115923876125,534.5492522600886,-0.0
318,313,11,70,100.0000009996656,8.938317901667316,715.240488254733,-0.0
319,334,12,25,100.0000009996662,5.609172103176534,562.9583930897193,-0.0
320,335,12,30,100.0000009996765,6.035892536906852,606.628031157165,-0.0
321,314,11,75,100.00000099968528,9.45967023512823,759.82739632198,-0.0
322,336,12,35,100.0000009996904,6.561519663145558,660.8321515130189,-0.0
323,315,11,80,100.0000009997051,9.992946722115018,806.0339672624857,-0.0
324,337,12,40,100.00000099970713,7.143413955015027,721.4506093392348,-0.0
325,316,11,85,100.00000099972588,10.537815982277792,853.906596365104,-0.0
326,338,12,45,100.00000099972593,7.759964480387671,786.452643056093,-0.0
327,360,13,5,100.00000099973568,4.706431573329386,589.1471720422849,-0.0
328,361,13,10,100.0000009997375,4.805388511866805,601.7458719895072,-0.0
329,362,13,15,100.00000099974224,5.058425136863109,633.9052313379957,-0.0
330,339,12,50,100.0000009997465,8.40125331011218,854.979237390669,-0.0
331,317,11,90,100.00000099974709,11.0943449669292,903.5318453790514,-0.0
332,363,13,20,100.0000009997524,5.546831404569247,696.183110504064,-0.0
333,318,11,95,100.00000099976376,11.653606527282829,954.417481492634,-0.0
334,364,13,25,100.0000009997679,6.2015699879807755,780.3904233238643,-0.0
335,340,12,55,100.00000099976856,9.062773889992396,926.7237436582128,-0.0
336,341,12,60,100.00000099978551,9.752773733698293,1003.2869366545792,-0.0
337,365,13,30,100.00000099978745,6.939263935818989,876.4501806282623,-0.0
338,319,11,100,100.00000099978809,12.267391056680928,1011.267755659866,-0.0
339,366,13,35,100.00000099980196,7.707418512337542,978.3767159919348,-0.0
340,390,14,5,100.00000099980622,4.425351871512896,681.3350441886163,-0.0
341,391,14,10,100.00000099981156,4.735332622883636,729.7367465719956,-0.0
342,342,12,65,100.00000099981212,10.49789719449508,1087.4311828729394,-0.0
343,320,11,105,100.00000099981332,12.896322394518174,1070.6723694867906,-0.0
344,392,14,15,100.00000099982466,5.39013835895121,832.4644729539568,-0.0
345,367,13,40,100.00000099982908,8.593615813252738,1098.2313906893694,-0.0
346,393,14,20,100.00000099983625,6.203744790652827,961.942409288104,-0.0
347,321,11,110,100.00000099983971,13.541959242352464,1132.9377319770747,-0.0
348,343,12,70,100.00000099984044,11.263303887896557,1175.75195393818,-0.0
349,368,13,45,100.00000099985948,9.508063270914327,1224.7453775945548,-0.0
350,394,14,25,100.00000099986362,7.253802378331102,1132.275271314246,-0.0
351,322,11,115,100.0000009998677,14.206158890283922,1198.4289819708572,-0.0
352,344,12,75,100.00000099987103,12.051147224695525,1268.8110223339845,-0.0
353,420,15,5,100.00000099987264,4.296588864831699,802.7666782166013,-0.0
354,421,15,10,100.00000099988668,5.018113978508011,939.777438547892,-0.0
355,369,13,50,100.00000099989369,10.452304636318658,1358.7138061958185,-0.0
356,395,14,30,100.00000099989724,8.351665382875618,1314.7869017935034,-0.0
357,323,11,120,100.00000099989788,14.891140197969468,1267.5845441988777,-0.0
358,422,15,15,100.00000099990348,6.113514842936121,1151.9400154227146,-0.0
359,345,12,80,100.00000099990469,12.864208039922747,1367.3102361891015,-0.0
360,324,11,125,100.00000099993144,15.599572722779904,1340.9362292006294,-0.0
361,370,13,55,100.00000099993312,11.429689204248575,1501.3079848904592,-0.0
362,396,14,35,100.00000099993834,9.493176364987406,1509.9945857428072,-0.0
363,423,15,20,100.0000009999415,7.418977887120865,1410.7727802535562,-0.0
364,346,12,85,100.00000099994286,13.70598911086596,1472.1260924503913,-0.0
365,325,11,130,100.00000099996996,16.334702282621087,1419.1373417937216,-0.0
366,371,13,60,100.00000099998104,12.445145141181223,1654.1054074050005,-0.0
367,347,12,90,100.0000009999888,14.580891145655556,1584.363327556996,-0.0
368,397,14,40,100.0000009999908,10.681799218364947,1719.9194874920822,-0.0
369,424,15,25,100.00000099999448,8.792398907161159,1691.905533603061,-0.0
370,449,15,150,100.00000100002346,9.15601181723524,1760.0275950808875,-0.0
371,448,15,145,100.0000010000337,9.349739004883702,1800.61479050678,-0.0
372,372,13,65,100.00000100004496,13.505353284200051,1819.1985943565064,-0.0
373,447,15,140,100.00000100004512,9.553358299031071,1843.51973388168,-0.0
374,348,12,95,100.00000100004904,15.49449558042295,1705.436377654846,-0.0
375,446,15,135,100.00000100005792,9.767366114786263,1888.891722276963,-0.0
376,398,14,45,100.00000100006557,11.925251613452303,1947.734462016241,-0.0
377,445,15,130,100.00000100007249,9.992281128944374,1936.8918258943015,-0.0
378,425,15,30,100.00000100007532,10.23401706186898,1998.36538309981,-0.0
379,327,11,140,100.00000100008282,17.90207339705366,1593.5679007561632,-0.0
380,444,15,125,100.00000100008916,10.2286451513043,1987.6941518073347,-0.0
381,419,14,150,100.00000100009214,12.140034422035477,1979.03874963074,-0.0
382,443,15,120,100.00000100010853,10.477023768748763,2041.487211324126,-0.0
383,418,14,145,100.0000010001114,12.363005322803549,2020.9900951969153,-0.0
384,442,15,115,100.00000100013136,10.738011843849376,2098.476759492972,-0.0
385,417,14,140,100.0000010001337,12.59383697575524,2064.774916788538,-0.0
386,349,12,100,100.00000100014113,16.454004799881666,1837.1947791843077,-0.0
387,373,13,70,100.00000100014633,14.61926188880308,1999.395780084796,-0.0
388,441,15,110,100.00000100015878,11.01223473068062,2158.8878559203554,-0.0
389,416,14,135,100.00000100015984,12.832832900019856,2110.499087697767,-0.0
390,328,11,145,100.00000100018693,18.74575936103658,1692.1774391405263,-0.0
391,415,14,130,100.00000100019118,13.080311427434165,2158.2773562829357,-0.0
392,440,15,105,100.00000100019255,11.300355537479344,2222.968701881889,-0.0
393,399,14,50,100.0000010002002,13.23529351190749,2197.9943884149716,-0.0
394,414,14,125,100.00000100022964,13.336607610180158,2208.234616603675,-0.0
395,439,15,100,100.0000010002354,11.60307754147274,2290.993919370595,-0.0
396,426,15,35,100.00000100023752,11.756246952472488,2336.6700825415583,-0.0
397,413,14,120,100.00000100027832,13.602085408078468,2260.5093206354227,-0.0
398,438,15,95,100.000001000292,11.921149902304329,2363.26916630061,-0.0
399,389,13,150,100.00000100031686,15.558643910676007,2149.220113628601,-0.0
400,350,12,105,100.00000100032958,17.46894424422174,1982.1232967767885,-0.0
401,412,14,115,100.00000100034254,13.87713042402304,2315.253403236835,-0.0
402,437,15,90,100.00000100037114,12.25537693811997,2440.137362013389,-0.0
403,388,13,145,100.00000100038122,15.781412790831128,2187.6038445494896,-0.0
404,329,11,150,100.0000010004168,19.640038431322335,1800.6261120879217,-0.0
405,411,14,110,100.00000100043194,14.162150876118726,2372.6336568161432,-0.0
406,387,13,140,100.00000100046805,16.01000181499041,2227.3812457295858,-0.0
407,436,15,85,100.00000100049084,12.606627512069863,2521.9860527974793,-0.0
408,410,14,105,100.00000100056634,14.457595275073963,2432.837631769422,-0.0
409,386,13,135,100.00000100059256,16.244624480457066,2268.631836387391,-0.0
410,400,14,55,100.0000010006173,14.62897291862784,2477.280253012038,-0.0
411,435,15,80,100.0000010006964,12.975841744588225,2609.255553784663,-0.0
412,409,14,100,100.00000100079436,14.76394040956013,2496.0729955372785,-0.0
413,385,13,130,100.00000100085737,16.485507548627183,2311.442257712061,-0.0
414,427,15,40,100.0000010010471,13.381059452243775,2717.1789694449512,-0.0
415,434,15,75,100.00000100114002,13.36404561925606,2702.4508195568355,-0.0
416,384,13,125,100.00000100114228,16.732892873219317,2355.907278043121,-0.0
417,351,12,110,100.00000100120172,18.552329091502617,2143.677020849519,-0.0
418,408,14,95,100.00000100127356,15.081699930572452,2562.571783392337,-0.0
419,383,13,120,100.00000100199512,16.987038198035687,2402.1307877726094,-0.0
420,375,13,80,100.00000100229518,17.061785317596012,2422.235877285865,-0.0
421,433,15,70,100.00000100286324,13.772359938181484,2802.1546047651404,-0.0
422,407,14,90,100.00000100297083,15.411436646759489,2632.597116115164,-0.0
423,382,13,115,100.00000100701996,17.248218865840293,2450.2269287615272,-0.0
424,301,11,10,100.42429930914096,14.885767797657978,1261.5606672008391,-0.0
425,359,12,150,100.6129878480159,19.28305592118518,2259.853522572902,-0.0
426,401,14,60,101.4256284304428,16.049685272247086,2802.2220458775073,-0.0
427,352,12,115,101.56000494988304,19.53224464652697,2315.0008578524735,-0.0
428,406,14,85,101.96606849020424,16.166825642157686,2829.891327969752,-0.0
429,432,15,65,102.70643296849612,14.71685320895739,3092.0740476508213,-0.0
430,376,13,85,103.07825789266552,18.15419604370024,2670.8870708422205,-0.0
431,428,15,45,103.69525633653085,14.991083577747755,3192.0343730538098,-0.0
432,353,12,120,104.61827588838422,20.357608443485603,2486.1950844573444,-0.0
433,381,13,110,105.36293348826725,18.746711562321924,2815.0075703766206,-0.0
434,402,14,65,106.54365265197686,17.31695450679278,3178.905211678974,-0.0
435,377,13,90,107.0747514453253,19.186949220928515,2933.975118912825,-0.0
436,354,12,125,107.68755230348576,21.187391823385564,2664.298705002375,-0.0
437,358,12,145,109.60679484754075,21.716156137690913,2777.496277569944,-0.0
438,429,15,50,110.20100265012287,16.546344733406237,3749.932298121155,-0.0
439,405,14,80,110.70207548728392,18.34768884974848,3497.312605185694,-0.0
440,355,12,130,110.7687902532084,22.021575615092175,2849.420171148647,-0.0
441,378,13,95,111.0965454297254,20.22867074102627,3211.5453931912525,-0.0
442,431,15,60,111.25888606495752,16.78596537289748,3834.488796014826,-0.0
443,403,14,70,111.71236064533488,18.60131824837317,3584.1384846178935,-0.0
444,356,12,135,113.86294932417697,22.86014368335738,3041.671619179299,-0.0
445,380,13,105,113.98429662928046,20.9817271426197,3417.3875869273666,-0.0
446,379,13,100,115.14626416442302,21.279427069135224,3503.999957958088,-0.0
447,430,15,55,116.81339381781537,18.13339130273011,4364.190686464734,-0.0
448,404,14,75,116.93822463152814,19.903162760670632,4019.199717293648,-0.0
449,357,12,140,116.97100023947722,23.70308090025311,3241.1687013375217,-0.0
140,214,8,25,19.8034070926447,3.96603349971996,52.73084270816575,-0.0001141552511415
150,187,7,40,21.007818541024328,4.19231051500672,43.71787608681971,-0.0001141552511415
184,143,5,120,25.351561951469648,5.026604016279489,30.650469026733145,-0.0001141552511415
262,271,10,10,46.565319082943034,2.6341271718013286,96.33613187997464,-0.0001141552511415
302,300,11,5,100.00000099955808,5.564881897684543,438.27290035916354,-0.0001141552511415
155,161,6,60,21.694107694547192,4.37613246519071,35.09207484589705,-0.0004566210045662
182,142,5,115,24.86542175507672,4.957635652723458,30.235543951723656,-0.0005707762557077
178,141,5,110,24.371810839035255,4.888020420343235,29.821654010973525,-0.0010273972602739
149,160,6,55,20.912763649676677,4.268472494984791,34.12554922333891,-0.0013698630136986
174,140,5,105,23.87019350187907,4.817724121926445,29.408752558087812,-0.0013698630136986
172,242,9,15,23.55781511449723,3.372536763562039,62.39956861217111,-0.0014840182648401
141,186,7,35,19.899572502294347,4.039022154325042,41.66521290683033,-0.0015981735159817
170,139,5,100,23.35997380558123,4.746710228537238,28.99679327904401,-0.0018264840182648
164,138,5,95,22.840485849410054,4.674939766672036,28.585731311571376,-0.002283105022831
145,159,6,50,20.110255953218136,4.159787133066608,33.16963172663243,-0.0029680365296803
125,213,8,20,18.249456629254535,3.7560297982676056,48.815126708057896,-0.0035388127853881
159,137,5,90,22.31098191706015,4.6023712414451765,28.175524875283006,-0.0043378995433789
130,185,7,30,18.754075787215417,3.885381608585323,39.66724422698628,-0.0061643835616438
135,158,6,45,19.2833049286224,4.050058651911758,32.224706913662324,-0.0079908675799086
156,136,5,85,21.77061789177689,4.528960623635866,27.766137642141477,-0.0083333333333333
151,135,5,80,21.21843511610735,4.454661444618095,27.357542192191865,-0.0117579908675799
147,134,5,75,20.653337557520427,4.3794250691951095,26.94972508174417,-0.0158675799086757
127,157,6,40,18.427777244290915,3.9393037359188305,31.291469809936313,-0.0181506849315068
118,184,7,25,17.5610935143765,3.7318034099825814,37.72813228640453,-0.0200913242009132
144,133,5,70,20.07406267478343,4.303201258786026,26.542694345210936,-0.0226027397260273
180,241,9,10,24.612378060785485,2.9275229527233377,56.59053137931476,-0.0263698630136986
110,212,8,15,16.618865005591786,3.549725337001195,45.114686856383365,-0.0276255707762557
137,132,5,65,19.47914367556869,4.225939207922088,26.13649073829029,-0.0348173515981735
117,156,6,35,17.538338942968885,3.8276022432935712,30.371152177102143,-0.0353881278538812
132,131,5,60,18.866859761549495,4.1475893568651365,25.731204856966627,-0.0454337899543378
105,183,7,20,16.305402724240007,3.5791366011100267,35.856007494267786,-0.0462328767123287
109,155,6,30,16.607899275505844,3.715150831594439,29.46595158145537,-0.05662100456621
123,130,5,55,18.235169207724873,4.068106492222884,25.32700371793935,-0.0581050228310502
173,119,4,150,23.849754736436143,5.050085463576487,23.389749336984146,-0.0606164383561643
171,118,4,145,23.497102949122308,5.002552315097186,23.23841873538007,-0.0649543378995433
167,117,4,140,23.13905600979966,4.95449231852444,23.08675521832739,-0.0678082191780821
163,116,4,135,22.77533273483377,4.905882161909582,22.934741412347396,-0.0714611872146118
160,115,4,130,22.405628277829027,4.856696960787919,22.78235996305356,-0.0775114155251141
119,129,5,50,17.581617228135173,3.98745502321215,24.92417302501406,-0.0812785388127853
98,154,6,25,15.626664301566429,3.602368160190135,28.57990166057372,-0.0824200913242009
157,114,4,125,22.02961125777835,4.806910125231151,22.629593753824096,-0.0827625570776255
154,113,4,120,21.64692041720765,4.756493216521513,22.476426201890096,-0.0881278538812785
152,112,4,115,21.257160711113176,4.7054157939588475,22.322841658113063,-0.0916666666666666
148,111,4,110,20.859898700913753,4.653645253250218,22.168825946604976,-0.0949771689497716
146,110,4,105,20.454657093568905,4.601146659303589,22.014367094220816,-0.1004566210045662
90,182,7,15,14.962680694072256,3.429178204373416,34.068226472520415,-0.1037671232876712
142,109,4,100,20.040908218748218,4.547882578604204,21.859456320197015,-0.1046803652968036
112,128,5,45,16.90320559935426,3.9056180213741816,24.52318635349466,-0.1052511415525114
138,108,4,95,19.618066174785525,4.493812919847292,21.704089385386837,-0.107648401826484
134,107,4,90,19.185477286316893,4.438894797327208,21.54826844445801,-0.1133561643835616
129,106,4,85,18.74240839697299,4.383082440424136,21.392004609610833,-0.1197488584474885
84,153,6,20,14.580396245983952,3.490116328753641,27.72080151874203,-0.1234018264840182
104,127,5,40,16.196202041852583,3.822612971468699,24.12482246125434,-0.1267123287671232
126,105,4,80,18.288032346207423,4.32632718716887,21.23532153512532,-0.1278538812785388
121,104,4,75,17.821409733220367,4.268577623279645,21.078260490232715,-0.1352739726027397
116,103,4,70,17.341465697850587,4.209779966530217,20.920887638046636,-0.1434931506849315
96,126,5,35,15.455850322136197,3.738519959468782,23.730372985577404,-0.1486301369863013
111,102,4,65,16.846959894349553,4.149878861284405,20.76330465457001,-0.1511415525114155
106,101,4,60,16.336446962263246,4.088818858319229,20.605664515995812,-0.1600456621004566
99,100,4,55,15.808223425583927,4.026547047501978,20.44819550329663,-0.1697488584474885
107,211,8,10,16.341411191436883,3.202733761874996,41.105532778115005,-0.1711187214611872
87,125,5,30,14.675907496203974,3.6535340484551906,23.342030533640408,-0.1721461187214612
93,99,4,50,15.26025463889383,3.9630176623236606,20.29123869729866,-0.1797945205479452
272,270,10,5,51.411108488396685,2.161323048115505,87.27031395696038,-0.1828767123287671
88,98,4,45,14.690071370954044,3.8982001325124886,20.13530818616568,-0.1900684931506849
78,124,5,25,13.8478579273544,3.5680678889024753,22.963665562953977,-0.197945205479452
80,97,4,40,14.094618536279183,3.8320933246505167,19.981191900759008,-0.2038812785388127
74,96,4,35,13.470025167065875,3.764751302139548,19.830127412199687,-0.2240867579908675
67,95,4,30,12.811235772679328,3.6963317740562793,19.684126820005833,-0.255593607305936
143,89,3,150,20.05795311484613,4.992010960025285,18.755755833441413,-0.2676940639269406
139,88,3,145,19.766975044904537,4.954227526236268,18.706272131486756,-0.2691780821917808
136,87,3,140,19.47126042454248,4.915883861358377,18.65656691431838,-0.2721461187214611
133,86,3,135,19.17058603975981,4.876954108443985,18.60663885156793,-0.2746575342465753
131,85,3,130,18.86471063274919,4.8374105345639,18.556487540035544,-0.2771689497716895
128,84,3,125,18.553372736375852,4.797223354155621,18.50611376745539,-0.2792237442922374
124,83,3,120,18.236288152758796,4.756360534350313,18.455519848764833,-0.2811643835616438
122,82,3,115,17.913147007608472,4.71478758085995,18.40471005797116,-0.2850456621004566
120,81,3,110,17.58361024795827,4.6724673054413195,18.35369118164151,-0.2875570776255708
115,80,3,105,17.24730551898794,4.629359571971197,18.302473241251818,-0.291324200913242
113,79,3,100,16.9038223848607,4.5854210133078315,18.2510704487284,-0.2933789954337899
108,78,3,95,16.552706148354844,4.540604762175872,18.199502441181014,-0.2957762557077625
103,77,3,90,16.193451196595927,4.49486011612721,18.147795995595335,-0.2994292237442922
69,123,5,20,12.959473448722758,3.482966568504776,22.602524918027378,-0.3039954337899543
100,76,3,85,15.825490563741562,4.448132369585396,18.095987145309785,-0.3044520547945206
95,75,3,80,15.448187052513592,4.400362410507185,18.04412444437466,-0.3142694063926941
91,74,3,75,15.060818084315176,4.3514866477268335,17.992273123449884,-0.3262557077625571
73,152,6,15,13.446865020797736,3.3802140682977115,26.905041915137005,-0.3304794520547945
86,73,3,70,14.66255837027182,4.301436980282042,17.940521131733995,-0.3399543378995433
60,94,4,25,12.11138646716067,3.6271910773280496,19.546618406753467,-0.3501141552511415
82,72,3,65,14.252457085697328,4.250141078809822,17.888987766318966,-0.3504566210045662
77,71,3,60,13.829407794194386,4.197523183488359,17.83783630872719,-0.3643835616438357
72,70,3,55,13.392108001292582,4.1435058123097885,17.787292971867306,-0.3784246575342466
68,69,3,50,12.939003458895012,4.088013078903335,17.73767609628312,-0.3934931506849315
64,68,3,45,12.468209135590271,4.0309769116663166,17.68944259903206,-0.421689497716895
58,67,3,40,11.977394724976117,3.972348457374522,17.643264742603137,-0.4529680365296804
53,66,3,35,11.463607212664808,3.912119750571483,17.600162837068197,-0.4963470319634703
47,65,3,30,10.922991864566708,3.850364834652823,17.56174792529563,-0.5804794520547945
51,93,4,20,11.360653216938124,3.558085067500634,19.423836669584432,-0.6616438356164384
75,181,7,10,13.489723035797049,3.286058707296619,32.40728650347007,-0.664497716894977
37,64,3,25,10.350314290074238,3.7873225992164223,17.530697454719316,-0.7763698630136986
59,122,5,15,11.99187339584912,3.400005100787551,22.27343030099229,-0.80662100456621
70,47,2,90,13.040493835400286,4.795196324508889,16.492821458692855,-0.8994292237442922
66,46,2,85,12.753515954501047,4.749413178861382,16.481331784669127,-0.9012557077625571
71,48,2,95,13.321126592560969,4.8397770798287985,16.5044488874668,-0.902283105022831
76,49,2,100,13.595822981499875,4.883227967314024,16.516179531189785,-0.9037671232876712
63,45,2,80,12.45973231898027,4.702348354623403,16.470023406285392,-0.9054794520547944
79,50,2,105,13.864947906262822,4.925615381449121,16.527985773601273,-0.9089041095890412
81,51,2,110,14.12882888467322,4.967000183862751,16.53984538365641,-0.9134703196347032
83,52,2,115,14.38776132096587,5.007438248463492,16.55174036131476,-0.91689497716895
61,44,2,75,12.158620346229014,4.653915138762316,16.45895171362009,-0.9170091324200912
85,53,2,120,14.642012844473804,5.046980954547187,16.563656060885812,-0.9235159817351598
89,54,2,125,14.89182668621033,5.0856756577444395,16.575580504255612,-0.9299086757990868
57,43,2,70,11.849582702636368,4.604018751348946,16.448187916573296,-0.9300228310502284
92,55,2,130,15.137425711111142,5.123565958609182,16.587503918591285,-0.9415525114155252
55,42,2,65,11.531930751293688,4.552555801155263,16.437824683532227,-0.9439497716894976
94,56,2,135,15.379013210205985,5.160692276744498,16.599418228681767,-0.9528538812785388
97,57,2,140,15.616776394673312,5.197091994181204,16.611316802999127,-0.9670091324200912
49,41,2,60,11.204862811935708,4.499413983111131,16.4279843210592,-0.9695205479452056
101,58,2,145,15.85088790985868,5.232799780052542,16.6231941879387,-0.9810502283105024
44,40,2,55,10.867435005657184,4.444472287973953,16.418830929019197,-0.9957762557077624
102,59,2,150,16.081507317500762,5.2678478523869625,16.635045890781292,-0.9984018264840182
39,39,2,50,10.51852126453952,4.387602224862296,16.410588972601712,-1.0398401826484018
192,240,9,5,26.616892941605983,2.4797153336632953,51.83809689864964,-1.071689497716895
35,38,2,45,10.156756941285662,4.328671001495568,16.403572590918007,-1.0890410958904109
32,37,2,40,9.780456697142018,4.267548491900121,16.398233645834377,-1.1585616438356163
31,63,3,20,9.738083853269575,3.723573300503931,17.511775764222698,-1.2579908675799083
26,36,2,35,9.387490165658392,4.204121659123704,16.395244171587485,-1.2769406392694065
62,151,6,10,12.18745994292354,3.276810034240732,26.17200673883453,-1.2980593607305937
40,92,4,15,10.543902693034772,3.490634044237193,19.32821870129995,-1.3829908675799087
22,35,2,30,8.97508441654335,4.138324145082281,16.395645954207826,-1.4740867579908676
114,210,8,5,17.19436126173603,2.7826515304626644,37.57809466846739,-1.6478310502283104
46,121,5,10,10.912574302899456,3.3232135650497474,22.011140754335237,-1.7930365296803652
18,34,2,25,8.539490587741243,4.0701982845686056,16.40114144433507,-1.8190639269406392
24,62,3,15,9.074763695511608,3.6604508482512137,17.5143064662955,-1.99337899543379
65,180,7,5,12.713231406936517,3.047593721491337,30.43006691643836,-2.095319634703196
28,91,4,10,9.635119981539791,3.4285622439622605,19.2882984913024,-2.195890410958904
14,33,2,20,8.07537569962988,4.000031455731761,16.414712607994776,-2.42134703196347
43,150,6,5,10.722261455401636,3.1910037531114006,25.64109374086719,-2.4276255707762555
16,61,3,10,8.34053102704228,3.601145145912476,17.55930568342217,-2.676255707762557
30,120,5,5,9.654780854659686,3.2633137376373873,21.918609209130302,-2.713812785388128
11,32,2,15,7.574590879683036,3.9286806652376303,16.442106172661674,-2.940182648401827
19,90,4,5,8.580768997619218,3.3818346919849684,19.386858356449533,-3.0002283105022833
10,60,3,5,7.4946327266046175,3.5543739788712942,17.70667174950962,-3.311073059360731
7,31,2,10,7.023278462712292,3.858448725084056,16.496070201057393,-3.4479452054794524
33,18,1,95,9.840950555389965,5.490224145791235,15.775153821074344,-3.557876712328767
34,19,1,100,10.023226933665793,5.5426399748523325,15.775780549775382,-3.559703196347032
36,20,1,105,10.20183880503167,5.5936347163295626,15.77647910685581,-3.560502283105023
38,21,1,110,10.377006049515696,5.64329295102508,15.77723879646376,-3.5608447488584476
29,17,1,90,9.654764983346352,5.43629419306755,15.77461188685485,-3.561187214611872
41,22,1,115,10.54892715840997,5.69169178659409,15.77805072781079,-3.5652968036529677
27,16,1,85,9.464396557566348,5.380747486378429,15.774170598594178,-3.5664383561643835
42,23,1,120,10.717782063830615,5.738901705905388,15.778907459041482,-3.573173515981735
25,15,1,80,9.269537516337556,5.323470479206275,15.773849517586866,-3.5731735159817353
45,24,1,125,10.883734026758567,5.784987407088406,15.779802718025756,-3.5762557077625567
48,25,1,130,11.046933803705215,5.830007954124309,15.780731203289582,-3.5792237442922374
52,27,1,140,11.365610953791116,5.917068548747377,15.782670387469574,-3.580707762557078
50,26,1,135,11.207517476374454,5.8740181933499525,15.781688383495997,-3.581506849315069
23,14,1,75,9.069839612745623,5.264337175215107,15.773673036559783,-3.582876712328767
54,28,1,145,11.521330402249736,5.959205627776894,15.78367388722006,-3.584246575342466
56,29,1,150,11.67478298513012,6.000472662218428,15.78469600855226,-3.5857305936073063
21,13,1,70,8.864905705554548,5.203207445695472,15.77367192628462,-3.59783105022831
20,12,1,65,8.654281245518485,5.139924547484316,15.773885545519825,-3.617351598173516
17,11,1,60,8.437437548638572,5.074313659062948,15.77436494344916,-3.637671232876712
15,10,1,55,8.213757269479052,5.006178538397702,15.775177538358315,-3.669406392694064
13,9,1,50,7.982509303285306,4.935299148613803,15.776414132533915,-3.718607305936073
12,8,1,45,7.742815789432707,4.861429129351434,15.778199905011189,-3.783904109589041
9,7,1,40,7.493604994191672,4.784294134066495,15.780712264163808,-3.894063926940639
4,30,2,5,6.3933356094694345,3.79599740178504,16.612251796141532,-3.922146118721461
8,6,1,35,7.2335416162824435,4.703592594475177,15.784211169377844,-4.0864155251141545
6,5,1,30,6.960919951901152,4.619002179091701,15.789093576951792,-4.242808219178082
5,4,1,25,6.6734837934191455,4.530202116751037,15.795997702923795,-4.403767123287672
3,3,1,20,6.3681182956799,4.436929186924413,15.80602190309928,-4.583561643835616
2,2,1,15,6.040239726222707,4.33913003325692,15.821239711898594,-4.814383561643836
1,1,1,10,5.682427570870925,4.237394350878477,15.846134495457498,-4.998287671232877
0,0,1,5,5.280599771751155,4.134409125870013,15.892804295180891,-4.998972602739726
